<Chemin,"Taille (octets)","MD5 Hash","Dernière Modif"
public/php/lib/FichierIni.php,4929,5dc93945f5b47da2e90f706ae9f7afb9,"2026-03-10 11:16:58"
public/php/lib/ajaxappli.php,606,2c720fc7b355dd785f10e821c2b6b75b,"2026-03-10 11:16:58"
public/php/lib/html.php,10753,d319f26e0811b56d5a33ab443be446f5,"2026-04-04 20:14:19"
public/php/lib/configMysql.php,4155,43fa02666f6168330e697c62393f45ea,"2026-04-04 20:01:52"
public/php/lib/Image.php,10891,4eb6471f16b4795d41947be8b5398da4,"2026-03-12 07:29:54"
public/php/lib/mysql.php,4475,4ebc9b9efad5d3eab64ccbb3d752eb11,"2026-03-10 11:16:58"
public/php/lib/mammouth_api.php,2875,49b71069eebc50db6610ae78863f4cd1,"2026-03-10 11:16:58"
public/php/lib/utilssi.php,5883,faa168a6e6ee19de44d9c6cb594a27e9,"2026-04-06 09:31:04"
public/php/lib/config-images.php,713,a5623bcbb76edc77c1ea9de88b8e0537,"2026-03-10 11:16:58"
public/php/lib/fpdf/font/helveticab.php,4399,96054ba0fadfac0b8829adc6519331dd,"2026-03-10 11:16:58"
public/php/lib/fpdf/font/courierbi.php,542,918740f9df8127264d92b856d6bcd4e6,"2026-03-10 11:16:58"
public/php/lib/fpdf/font/timesbi.php,4399,266a63ec6e9045cbfa0d737c9a0b27b3,"2026-03-10 11:16:58"
public/php/lib/fpdf/font/zapfdingbats.php,4433,95d6b0b90aabc2c8c6fdad00a8e9fce8,"2026-03-10 11:16:58"
public/php/lib/fpdf/font/courier.php,530,3c611ccd5f2e05b41be55290da18c0b3,"2026-03-10 11:16:58"
public/php/lib/fpdf/font/courierb.php,535,eb58b9b8a8798703ffaeaf70fcfc5ce6,"2026-03-10 11:16:58"
public/php/lib/fpdf/font/symbol.php,5659,d794c2336e76c7d702fee5b883753dcd,"2026-03-10 11:16:58"
public/php/lib/fpdf/font/times.php,4393,b68d64015d0b1985c56ef81ee48d9cc7,"2026-03-10 11:16:58"
public/php/lib/fpdf/font/courieri.php,538,5fdfc15f44dd009cf07e4ce26658036d,"2026-03-10 11:16:58"
public/php/lib/fpdf/font/helvetica.php,4395,e269db0bfefc918452b7cf6a6cfbd82d,"2026-03-10 11:16:58"
public/php/lib/fpdf/font/helveticai.php,4403,8c7041d0401af7792ca72d02c782f5e3,"2026-03-10 11:16:58"
public/php/lib/fpdf/font/timesb.php,4397,8e654ff76cab90cb041a668922ebcd63,"2026-03-10 11:16:58"
public/php/lib/fpdf/font/timesi.php,4392,d548025ebfc9edbf7a3538939f9d52b7,"2026-03-10 11:16:58"
public/php/lib/fpdf/font/helveticabi.php,4406,90237620d0b965636724ee26b53fa5b8,"2026-03-10 11:16:58"
public/php/lib/fpdf/fpdf.php,65790,159b4250c3cf9cd5ea8c25141261f85f,"2026-03-10 11:16:58"
public/php/lib/fpdi/FpdfTpl.php,14292,b96f5ac859779390a154c33124a28f75,"2026-03-10 11:16:58"
public/php/lib/fpdi/PdfReader/PdfReaderException.php,695,ebb594cad452401b6df4b21d9e607571,"2026-03-10 11:16:58"
public/php/lib/fpdi/PdfReader/DataStructure/Rectangle.php,3681,48106c6927fc4072d3a98b2833eef835,"2026-03-10 11:16:58"
public/php/lib/fpdi/PdfReader/PdfReader.php,6019,acb69450bcca24ba96398b3c68ef2f2f,"2026-03-10 11:16:58"
public/php/lib/fpdi/PdfReader/Page.php,7138,1478186e1410cd182890613098553d63,"2026-03-10 11:16:58"
public/php/lib/fpdi/PdfReader/PageBoundaries.php,2448,8e32a4474ccc1deb28c58afb181f82dc,"2026-03-10 11:16:58"
public/php/lib/fpdi/FpdiTrait.php,18129,4903a22a0c0453249e84c5bd1966cec3,"2026-03-10 11:16:58"
public/php/lib/fpdi/autoload.php,665,1bab1b7fba0d3a17747fca9e36626cd9,"2026-03-10 11:16:58"
public/php/lib/fpdi/Fpdi.php,4198,e222b0954855c7642abc0417c6021791,"2026-03-10 11:16:58"
public/php/lib/fpdi/FpdiException.php,422,79a963cf0d8a263f1be253fd6c478731,"2026-03-10 11:16:58"
public/php/lib/fpdi/TcpdfFpdi.php,8132,ff5a02e8ee8a9c02b89bb028383983f2,"2026-03-10 11:16:58"
public/php/lib/fpdi/PdfParser/Type/PdfDictionary.php,3645,82763649d23f4fe803b692911fd3bb41,"2026-03-10 11:16:58"
public/php/lib/fpdi/PdfParser/Type/PdfTypeException.php,596,b7e5f7b3f8d168287479f6f9160aca77,"2026-03-10 11:16:58"
public/php/lib/fpdi/PdfParser/Type/PdfIndirectObjectReference.php,1263,c70d2fbf7fb630518ff2de72cf8c05b0,"2026-03-10 11:16:58"
public/php/lib/fpdi/PdfParser/Type/PdfToken.php,969,623638494ff0b3992b592789c69c1fa4,"2026-03-10 11:16:58"
public/php/lib/fpdi/PdfParser/Type/PdfArray.php,2217,72af5de3fe2d33859a2896fd4d4712e9,"2026-03-10 11:16:58"
public/php/lib/fpdi/PdfParser/Type/PdfString.php,5320,ab731dac194c7424c8270acf670a68d0,"2026-03-10 11:16:58"
public/php/lib/fpdi/PdfParser/Type/PdfBoolean.php,984,8fb6d4a7db9a522136c6590f5d22d8cf,"2026-03-10 11:16:58"
public/php/lib/fpdi/PdfParser/Type/PdfName.php,2005,3cd3404d6e51c03b61c152bc027a5ed9,"2026-03-10 11:16:58"
public/php/lib/fpdi/PdfParser/Type/PdfNumeric.php,992,ec93c5462d6b3d055adbc87947cec8e3,"2026-03-10 11:16:58"
public/php/lib/fpdi/PdfParser/Type/PdfNull.php,456,1f818c4610999a200ff13caa4a8ee620,"2026-03-10 11:16:58"
public/php/lib/fpdi/PdfParser/Type/PdfType.php,2004,df8e052b08399fa2f35189e5d2619eb3,"2026-03-10 11:16:58"
public/php/lib/fpdi/PdfParser/Type/PdfIndirectObject.php,2661,f91d1309d7f5f0a6a6349180eb600f5b,"2026-03-10 11:16:58"
public/php/lib/fpdi/PdfParser/Type/PdfHexString.php,2025,b691da56b004861dfe5a37e757feb97c,"2026-03-10 11:16:58"
public/php/lib/fpdi/PdfParser/Type/PdfStream.php,8845,578a1fbe5645a6fd61764a6586099b99,"2026-03-10 11:16:58"
public/php/lib/fpdi/PdfParser/Filter/FilterInterface.php,577,a35ee9e9e28dddce84ecb1303955768b,"2026-03-10 11:16:58"
public/php/lib/fpdi/PdfParser/Filter/Lzw.php,4482,d069631d0336ecbfd5a4da05f7242f53,"2026-03-10 11:16:58"
public/php/lib/fpdi/PdfParser/Filter/LzwException.php,534,2b73d637c6027b4d5f744cb46c3a6486,"2026-03-10 11:16:58"
public/php/lib/fpdi/PdfParser/Filter/Flate.php,1911,5ea6970c9c148450ad3e8f8a1b976b0d,"2026-03-10 11:16:58"
public/php/lib/fpdi/PdfParser/Filter/Ascii85.php,3170,28f43a031b395009b5a9759d29fc3df7,"2026-03-10 11:16:58"
public/php/lib/fpdi/PdfParser/Filter/AsciiHex.php,1253,d9d9f193e9253d027fc884ec10fbb336,"2026-03-10 11:16:58"
public/php/lib/fpdi/PdfParser/Filter/FlateException.php,599,998482d310ba50b9dee888ef4f756a61,"2026-03-10 11:16:58"
public/php/lib/fpdi/PdfParser/Filter/Ascii85Exception.php,612,789c07a9b6face955230e12c51602773,"2026-03-10 11:16:58"
public/php/lib/fpdi/PdfParser/Filter/FilterException.php,575,d8841e34ca06231213f1f8b5df90f0da,"2026-03-10 11:16:58"
public/php/lib/fpdi/PdfParser/StreamReader.php,12250,40133138aac23a7a9025a709a065353a,"2026-03-10 11:16:58"
public/php/lib/fpdi/PdfParser/PdfParserException.php,951,94e99b73ae815b5502444cc35c4317f1,"2026-03-10 11:16:58"
public/php/lib/fpdi/PdfParser/PdfParser.php,8493,950819ff2926b0c856f93795731a51c3,"2026-03-10 11:16:58"
public/php/lib/fpdi/PdfParser/Tokenizer.php,3960,481c06c3a5e4b094c4ddf332c378dd00,"2026-03-10 11:16:58"
public/php/lib/fpdi/PdfParser/CrossReference/LineReader.php,5178,10c5d5d17e323951f8032024c33a876a,"2026-03-10 11:16:58"
public/php/lib/fpdi/PdfParser/CrossReference/CrossReference.php,8656,c8d34c098286de5f27cb875d0e5bcce6,"2026-03-10 11:16:58"
public/php/lib/fpdi/PdfParser/CrossReference/ReaderInterface.php,874,d12f8c03b53676b94a1aae15b6af34be,"2026-03-10 11:16:58"
public/php/lib/fpdi/PdfParser/CrossReference/FixedReader.php,5885,1dee446f4dd6c50e6e95164b0a4aac42,"2026-03-10 11:16:58"
public/php/lib/fpdi/PdfParser/CrossReference/AbstractReader.php,2254,217ab3d9e859dc0f0d412a6979edcf49,"2026-03-10 11:16:58"
public/php/lib/fpdi/PdfParser/CrossReference/CrossReferenceException.php,1430,e319ba52f2183f67a468480bc9395fe0,"2026-03-10 11:16:58"
public/php/lib/pdf.php,13868,e13add58d611186d5f55f96227bfd003,"2026-04-04 15:04:55"
public/php/lib/params.php,1614,007bbc1dd28ae543c5780a2758d3e19a,"2026-03-13 11:21:55"
public/php/lib/Cryptor.php,6614,3d9b82a714d96755e013681685c1d330,"2026-03-10 11:16:58"
public/php/lib/ComposantsUI.php,2096,2f2028efb2c660c695fcb39da7d75056,"2026-04-04 17:49:34"
public/php/lib/Chiffrement.php,850,40da4d6d4522c7c63536334f6763757c,"2026-04-04 20:24:29"
public/php/lib/formulaire.php,9065,47ff0534fae75e03f4e0698e573eb471,"2026-03-10 11:16:58"
public/php/lib/tableHtml.php,1852,ac2b09c1f7a8864ae5a032ea6e827944,"2026-03-10 14:05:12"
public/php/lib/Pagination.php,7715,951516ebbea5205e23d3a7a6dec19458,"2026-03-10 15:10:44"
public/php/lib/gemini_api.php,3169,b887b3c1548ac364ecc401cc8974ec7c,"2026-03-10 11:16:58"
public/php/lib/compteur.php,1726,c08aabfce8297501d8532dc10ab960bd,"2026-03-10 11:16:58"
public/php/note/Note.php,645,93395fa9526bfdb5bdc1f2700d9f8b9e,"2026-03-11 11:08:08"
public/php/note/noteAjaxEnregistre.php,1692,cc25a880767cf8e869e31dfabded4680,"2026-03-11 11:08:08"
public/php/note/UtilisateurNote.php,10714,79d8e1de6ca7aaf75f2e15d9b28faaad,"2026-03-11 11:08:08"
public/php/navigation/Footer.php,3079,4d78e6eea4394981ea94ad34a4a8c348,"2026-04-04 20:25:16"
public/php/navigation/menu.php,7641,f3f0afee5964d2095a2c06965f10ea89,"2026-04-05 14:45:03"
public/php/navigation/login.php,2281,98150b31ef76d14773faf83332af52ab,"2026-03-11 11:06:48"
public/php/navigation/cloc.php,2563,075a3817bb258d6c89fa8176a5a4e210,"2026-03-10 11:16:58"
public/php/audit/imagesCheck.php,11142,88df3f7ba8eebb1ffd13009eb3256ebf,"2026-03-11 18:33:40"
public/php/playlist/playlist_liste.php,4587,475dcee1ae3ab67e531842c7e701efaa,"2026-04-04 19:19:53"
public/php/playlist/playlist_form.php,14752,0caf085c234c7981b315b838f76a3e1a,"2026-04-04 17:39:56"
public/php/playlist/playlist_voir.php,5544,9129bf270af3737ee0243e16c928fec8,"2026-04-04 19:19:09"
public/php/playlist/playlist_get.php,2525,8b9899597d883d52218643ec42cd1d84,"2026-04-04 17:30:31"
public/php/playlist/playlist.php,11867,876680220c13c26832d0b068d9251614,"2026-04-04 17:50:07"
public/php/utilisateur/utilisateur_upload.php,3285,43f83157b6afe991e3f80735a3e4350c,"2026-04-05 13:21:17"
public/php/utilisateur/utilisateur_liste.php,3751,cb8a8ea0e3567e952a203088996a63a0,"2026-03-11 11:09:49"
public/php/utilisateur/Utilisateur.php,17600,1dee5cf07400599c59967b491fcab428,"2026-04-05 14:02:30"
public/php/utilisateur/oubliMotDePasse.php,5001,0c6ece8c32fb3808055c821b0258b0a9,"2026-04-05 13:21:46"
public/php/utilisateur/utilisateur_get.php,1785,6253ee7cb6256d8697b03762bf34ec9f,"2026-04-05 13:55:06"
public/php/utilisateur/utilisateur_form.php,5926,630b4b79e17cf1a29785bfb38c5271e6,"2026-04-05 13:55:14"
public/php/utilisateur/utilisateurBand_form.php,3579,4d320d7feb3a886e32d3e84361a1ba38,"2026-03-11 11:09:49"
public/php/liens/LienUrl.php,8457,cb809d2c30827a7b908a5652be7c3ed1,"2026-03-10 11:16:58"
public/php/liens/lienDocSongbookGet.php,1185,c7c93a7171e0bab41d42d19791b1c5ba,"2026-03-11 11:04:46"
public/php/liens/lienurl_voir.php,3931,67c11c65a8c7cde123ecb293f2e94fb4,"2026-03-10 11:16:58"
public/php/liens/lienStrumChanson_post.php,1317,73117169b6a62ece1ab2d8157ab186ab,"2026-03-10 11:16:58"
public/php/liens/lienDocSongbook.php,8069,4dc527aad72ebac37699d100c1351b1d,"2026-03-10 11:16:58"
public/php/liens/LienStrumChanson.php,2816,b2fd0808601d057da21319b4fee1b067,"2026-03-10 11:16:58"
public/php/liens/lienurl_liste.php,9461,28215ca8bd793e2adbe673a17f33e60c,"2026-03-11 18:36:50"
public/php/liens/lienurlPost.php,1702,057c11e9794aca06c5ec822074b407f8,"2026-03-10 11:16:58"
public/php/liens/lienChansonPlaylistGet.php,1742,177a47c2f61856414cb5554f50a73872,"2026-03-11 11:04:47"
public/php/liens/lienChansonPlaylist.php,9432,b2fbb7a1adb2e48fb14b98f9c961a3e0,"2026-03-31 13:18:41"
public/php/liens/LienDocSongbook.php,8069,4dc527aad72ebac37699d100c1351b1d,"2026-03-10 11:16:58"
public/php/songbook/traiteOrdre.php,1256,ac419982ff8d53bccd941f1750b33c81,"2026-03-11 11:08:52"
public/php/songbook/songbook_liste.php,9311,22e5324e5e701b0154da540dc0d51f65,"2026-03-12 06:44:21"
public/php/songbook/songbook-portfolio.php,4349,45dab031a68cf6d53cb8f0fe53cbb334,"2026-03-11 18:34:06"
public/php/songbook/Songbook.php,16680,5822765dd3e3de01ce59de364e166cb0,"2026-04-05 14:10:21"
public/php/songbook/songbook_corbeille.php,3454,2e3fcdb810c54b3dbce3dd97e675fbc6,"2026-03-10 11:16:58"
public/php/songbook/songbook_form.php,12757,4aa4f2d9e1b7beacf9ce0c62afbb2a7a,"2026-04-05 13:57:16"
public/php/songbook/songbook_voir.php,8168,e29bf8d66e58ea24ab0a0ee0ff807777,"2026-04-05 13:55:54"
public/php/songbook/songbook_upload.php,4614,498a423a4a06d3c39309d6262105139e,"2026-04-05 13:56:29"
public/php/songbook/songbook_get.php,5419,15a2d4d28548e7c528e5eef453f02af8,"2026-04-04 15:11:35"
public/php/media/MediaRenderer.php,5076,5d5cfb8adcb63305bd944b016ab08ed5,"2026-03-31 12:30:43"
public/php/media/listeMedias.php,12781,c4ae853bc134f41510ce18ad71993f7e,"2026-03-31 12:31:55"
public/php/media/MediaService.php,6575,8f4d4cee6032b8249246f8e8d3d17e89,"2026-03-31 12:30:55"
public/php/media/Media.php,3355,10ac24eed5f2e8ea603c0a24d05c1f35,"2026-03-31 12:31:03"
public/php/media/MediaRepository.php,7951,d90f71b4ffdd454ec855ce653869c2a7,"2026-03-31 12:29:58"
public/php/chanson/chanson_voir.php,18030,8803209d077a1a0cdd52a15379b5a478,"2026-04-05 14:28:10"
public/php/chanson/chanson_chercher.php,2691,2ec56c94774f6441c0b8e86653d3c0d3,"2026-03-10 11:16:58"
public/php/chanson/Chanson.php,31542,bd63aa87ded6272bfe8348113dd612b3,"2026-04-05 16:03:48"
public/php/chanson/chanson_form_new.php,16672,bc35fc0646c80b5aa47e77c94ed53fe8,"2026-04-05 11:49:25"
public/php/chanson/chanson_upload.php,6391,d208ac423284758625bc43f47db5a4d4,"2026-03-13 11:29:45"
public/php/chanson/chanson_form.php,4891,1a5e4fab8f8cf2d621cfa6643a44b6ce,"2026-03-12 07:22:55"
public/php/chanson/chanson_publication_ajax.php,1440,70097366f588971c9942f470b2cc8c1d,"2026-03-11 11:00:33"
public/php/chanson/ChansonFormRenderer.php,21257,d3587a42ce38d8d64191d7725c52ccd5,"2026-04-05 13:15:45"
public/php/chanson/chanson_recherche_ajax.php,847,dae5102652e04c9922f04eba37285599,"2026-03-10 11:16:58"
public/php/chanson/chanson_liste.php,14459,f94db028f648feb0a1e6717e7b1ae3ed,"2026-04-05 13:53:55"
public/php/chanson/chanson_post.php,8090,37ab01ba0ec4abaa6d92f984c97973d7,"2026-04-05 13:54:36"
public/php/chanson/chanson-v-comp-cherche.php,1902,fdcaef81aaadc68580cf3f17ffc0dd40,"2026-03-10 11:16:58"
public/php/chanson/chanson_depublier_tout.php,1245,332441eadee94c3e1cb6a5ec88130663,"2026-03-10 11:16:58"
public/php/chanson/chansonListe.php,3223,ad4078ac5b4341d42c9f003a1d6cbd69,"2026-04-05 13:23:22"
public/php/strum/strum_form.php,6919,170303f1bfc54bba9b967c12fbe7995c,"2026-04-05 17:36:27"
public/php/strum/chansons_par_strum_ajax.php,1313,3711eff31542c8428772b8854379cf20,"2026-03-10 11:16:58"
public/php/strum/strum_liste.php,5036,81b8d369998584a24d657d27a81382be,"2026-04-05 16:32:29"
public/php/strum/Strum.php,13869,a3f4179b41598cc2142afd9b714ed760,"2026-04-05 16:50:59"
public/php/strum/strum_post.php,1730,d9f14beeaa0b85bc18662e5e8b2573be,"2026-03-11 22:19:34"
public/php/admin/audit_compare.php,5684,8155677a316330ca741ab20454ea0365,"2026-04-06 09:28:05"
public/php/admin/params_view.phtml,5376,fb747b27cbdbd66a17ffb9f8a1dd17d3,"2026-04-06 09:25:50"
public/php/admin/params_ajax.php,1917,67f47222ef2208f5e8c483e7a1c20875,"2026-04-04 19:28:22"
public/php/admin/audit_fichiers.php,3301,6baaadb05bb4559fc74de674566a1746,"2026-04-06 09:24:40"
public/php/admin/params.php,5700,16477ec65898008571732accaf034e67,"2026-04-04 20:18:53"
public/php/admin/AdminService.php,3914,a1c76f871dd84e2f489eb0e506055b6f,"2026-04-04 20:04:08"
public/php/api/local_cover_search.php,1612,0f1bf86fb13237865e43039ec3c28f7c,"2026-04-05 11:50:44"
public/php/api/tunebat_scraper.php,4307,1089352cd7399025604762be413f6a5e,"2026-03-10 11:16:58"
public/php/api/discogs_proxy.php,2691,7596ff7c7665a10128f8d81acdfde001,"2026-04-05 11:55:18"
public/php/api/songbpm_proxy.php,3217,56f9e036fb4577072c3e109b723649f8,"2026-03-10 11:16:58"
public/php/todo/documentChercheTest.php,834,2148db9f914604c3141b14f5cfb929a6,"2026-03-11 11:09:30"
public/php/todo/testLogger.php,589,fb48a0550c5dcc94765ac37a686d134d,"2026-03-11 11:09:30"
public/php/todo/todo_admin.php,3478,b1cb0bd7f80f3c9f24ee220953b6d176,"2026-03-11 11:09:30"
public/php/document/document_recherche_ajax.php,932,468a4f53fd0178bde0e2b918363f7b9d,"2026-03-10 11:16:58"
public/php/document/Document.php,10880,33e8f5d81de9d6b5d4a82931c94507cc,"2026-03-13 11:09:10"
public/php/document/documentChercheAjax.php,3487,651b10c553c462253dc1ae92464129e7,"2026-03-11 11:02:58"
public/php/document/documentCherche.php,2641,9dd4684955dfef1a8b1e00ce5aa61b19,"2026-03-10 11:16:58"
public/php/document/getdoc.php,4056,5e4ef11744ecb958e5936562f2490dbd,"2026-03-11 11:02:58"
public/php/document/documents_voir.php,6233,c3dbf5c1dc0fed52f4372ff66d265530,"2026-04-05 13:56:30"
public/css/strum_liste.css,2179,2b1dc0998f2c428863fc14ba95c42f5d,"2026-04-05 16:45:16"
public/css/utilisateur_liste.css,1953,9ad12ee4efd63a61434ba8c799864c20,"2026-03-10 11:16:58"
public/css/composants-canopee.css,2711,d161610e31662fa979fda93aef6edd6a,"2026-04-04 17:49:29"
public/css/bootstrap.css,153622,a05930b266ddfe1ac610679cd0db0afd,"2026-03-10 11:16:58"
public/css/canopee-medias.css,5735,afe937066b541c5e371ba37b39c9221e,"2026-03-10 11:16:58"
public/css/chansonform.css,2033,2fc8042585981bad4338e5e72e7ca202,"2026-03-10 11:16:58"
public/css/index.css,11775,ecc747d33b47d17a443cda384728468a,"2026-03-10 11:16:58"
public/css/bootstrap-theme.min.css,23416,ac6d0565909b5d2659e43ab956d7bdf8,"2026-03-10 11:16:58"
public/css/galerie_liens.css,2234,7fa3dda7ad1d34650ef20ed8365d4c4f,"2026-03-10 14:47:43"
public/css/songbookform.css,4504,75e1ff78c4162ae92f60582cd02d8def,"2026-03-11 18:33:58"
public/css/django-admin.css,5832,6f7b5cd598896fde4edacc45675cc9bf,"2026-03-31 09:47:03"
public/css/bootstrap-theme.css,26460,9399271e5f1447e7dac38b12d0e8ebfe,"2026-03-10 11:16:58"
public/css/styles-communs.css,1713,2390364a25fc44d8e1c249b3aec8b52c,"2026-04-05 13:00:23"
public/css/bootstrap.min.css,121205,5057f321f0dc85cd8da94a0c5f67a8f4,"2026-03-10 11:16:58"
public/css/params.css,7772,ff6409f24fc9341a352049f5d3bc45b2,"2026-04-04 19:21:20"
public/css/form.css,804,871736746d57380389f555b356428e9a,"2026-03-10 11:16:58"
public/css/strum_form.css,1227,039245dae9c6094a8e7aeb436e22bfd3,"2026-03-10 11:16:58"
public/css/jquery-ui.1.12.1.css,37284,2c077850d2a53b5cc41a4b2a5ed23e95,"2026-03-10 11:16:58"
public/css/toastr.min.css,6741,bc96861d9899e4e68fb2e59c363d8c60,"2026-03-10 11:16:58"
public/index.php,193,9191e612493a9835da9a23d6e9b55c3b,"2026-03-10 11:16:58"
public/js/npm.js,508,b8d47dd4dd62a44358c03fd4bcbbca18,"2026-03-10 11:16:58"
public/js/utilsJquery.js,2790,7921e790dbc04025d29ad9ff16b01493,"2026-03-11 09:52:54"
public/js/bootstrap.js,78399,5d9295fb2e104140fdc0c75b58cf90e1,"2026-03-10 11:16:58"
public/js/chansonForm.js,8770,ca259c7d4c73add50296b6f88d9716a1,"2026-03-10 11:16:58"
public/js/ie10-viewport-bug-workaround.js,661,5b64bb195cc361308c736fffa806bd8b,"2026-03-10 11:16:58"
public/js/jquery-1.12.4.min.js,97168,618538b4ab9639d444e962729a927f15,"2026-03-10 11:16:58"
public/js/bootstrap.3.2.0.min.js,31824,987facf80adec365394402f2026b943d,"2026-03-10 11:16:58"
public/js/jquery-ui.1.12.1.min.js,253680,7ea717799ef7fa610f53ea03784ff68e,"2026-03-10 11:16:58"
public/js/params.js,2916,7e37d325fbebd92199c99146ceca1fc9,"2026-04-04 19:23:15"
public/js/strum_liste.js,4912,30331cdb1b587ca5f99a3d5ad62e3a09,"2026-04-05 16:55:38"
public/js/bootstrap.min.js,39685,105a4995b8777aeaf68bff64bf7d2ae0,"2026-03-10 11:16:58"
public/js/songbookform.js,8083,23fd476bc912456c8312fa3fb0067d9d,"2026-04-04 16:12:58"
public/js/precise-star-rating.js,2900,4b98c20979436ffdda9ae144a100d514,"2026-03-10 11:16:58"
public/js/toastr.min.js,5544,1515ed21d8bd30ca0fae0970f85a7fb3,"2026-03-10 11:16:58"
public/js/strum_form.js,1746,8fba7b6ce09a0c3a982014871437d3eb,"2026-03-11 22:20:54"
public/html/mentionsLegales.html,13928,a3629a123b8db8b7eab8bfbf146ef293,"2026-03-10 13:26:07"
public/html/merci.html,3253,2af9cdfb53bb8b09121076e99364748d,"2026-02-06 10:39:31"
public/html/composants/footer.html,1588,a01680ea051122bd9389e80a220b29a4,"2026-03-10 13:26:15"
public/html/composants/menuLogin.html,759,c2a99a9bc4813fe69930afe108e1a7b4,"2026-03-10 12:28:40"
public/html/boiteAstrum/index.html,14193,ff25be265e786ded197453086627a308,"2026-03-10 13:37:15"
public/html/boiteAstrum/assets/index-CTkD2rKX.css,7809,504309f3a08c0ee0ab1e1295ba06dd69,"2026-03-10 11:16:58"
public/html/boiteAstrum/assets/index-DwywnaSG.js,23042,340b901d31b7512278edeb93311dcb82,"2026-02-23 07:53:07"
public/html/boiteAstrum/assets/index-DfEfE7ld.js,23096,7a94c39ac844b9928b1dfd1856b2b678,"2026-03-10 11:16:58"
public/html/boiteAstrum/assets/index-Cbgzmy2C.js,22909,68d4256dd07dfc3bd53f0d518acdc692,"2026-02-23 07:42:40"
public/html/boiteAstrum/assets/index-DizxADh1.js,23290,dcf5158a7a52e342ffc49dc5e8a449b9,"2026-02-23 08:12:39"
public/html/boiteAstrum/worker.js,690,43e7757ed87d407b6bf482b6c7503d12,"2026-03-10 11:16:58"
public/html/diagrammes/index.html,20439,c1143f281d2d0861a1a5ddee613d578f,"2026-02-21 15:30:13"
public/html/diagrammes/accords.js,8252,8428be7af666d6e8e876b9afdec87b7d,"2021-04-10 22:09:43"
public/html/diagrammes/assets/DessineDiagrammeUkulele-C1UWasb_.css,9034,d46d2feba0cf6c1a19a692ea12b6b4e7,"2026-02-21 15:30:13"
public/html/diagrammes/assets/main-DcBd5LQd.js,7642,5a8763f308edbb0da93f2ff338765f12,"2026-02-21 14:40:35"
public/html/diagrammes/assets/accords-xSzIkwjY.js,27027,168a926a16e371ed8d899723a19e05d4,"2026-02-21 10:35:23"
public/html/diagrammes/assets/main-B_cPwtGq.js,7642,31b6585d5579de0c42ae623134a3de61,"2026-02-21 13:10:49"
public/html/diagrammes/assets/main-1cACqHHJ.js,7642,d1d3092716447a3183692d46a2a387ff,"2026-02-21 14:24:21"
public/html/diagrammes/assets/DessineDiagrammeUkulele-n3Na2pWc.js,40665,953dcc29b3a06fac922dd3c7c4855766,"2026-02-21 15:30:13"
public/html/diagrammes/assets/DessineDiagrammeUkulele-Ft9hoiys.js,40542,e9f6b8b12c9c82a9054d1c15ba73ba70,"2026-02-21 14:24:21"
public/html/diagrammes/assets/main-BR5hWGGU.js,7642,dff1c0fc41fe8ff01dd8d41921e3a4c9,"2026-02-21 13:08:43"
public/html/diagrammes/assets/accords-DIC7Vi6m.js,894,1a9b63a493e6bf8e4e9a4d653df9cfca,"2026-02-21 11:02:35"
public/html/diagrammes/assets/DessineDiagrammeUkulele-B8-N50w8.js,40559,4c0c38b8d482022f3e9b40be22771049,"2026-02-21 14:40:35"
public/html/diagrammes/assets/accords-C21VIS3y.js,999,f2d68aeab15dbafccab4d61c470fc81e,"2026-02-21 14:05:11"
public/html/diagrammes/assets/DessineDiagrammeUkulele-jHoNv2gN.css,9023,9718a40773728966d917a2daaf237fbf,"2026-02-21 14:56:52"
public/html/diagrammes/assets/DessineDiagrammeUkulele-D7mxlW-N.js,39864,f0c8ace78f4d1f2192516c25bdd07fb0,"2026-02-21 11:37:06"
public/html/diagrammes/assets/main-BtWnOZLM.js,7642,b21040c0146a6470cde2eeeba5afd05c,"2026-02-21 14:31:02"
public/html/diagrammes/assets/main-Cn8ekKw5.js,7305,4078a3c02514fb54e45c77f1d61e8b60,"2026-02-21 11:15:19"
public/html/diagrammes/assets/accords-273ZKQxV.js,27402,fc91920affa7ace187ccffab6f93aef1,"2026-02-21 11:15:19"
public/html/diagrammes/assets/main-WQsFHnOk.js,7642,695aff8e955e59c62a40b7c99cc2d6c1,"2026-02-21 14:56:52"
public/html/diagrammes/assets/accords-B5FkZHGD.js,983,2689231a3e0b36c12306972b234f8323,"2026-02-21 11:15:19"
public/html/diagrammes/assets/main-D7-DIuqF.js,7459,7e7e7ac6bcf8d7a54518eb3b08d33c56,"2026-02-21 11:53:26"
public/html/diagrammes/assets/DessineDiagrammeUkulele-C6rxWbj7.css,6662,923c6337e4a151cc6e7e820b72e16ce9,"2026-02-21 11:37:06"
public/html/diagrammes/assets/main-5zrqCLdx.js,7218,a79adedad342faca479e653ce7e7ce15,"2026-02-21 11:02:35"
public/html/diagrammes/assets/DessineDiagrammeUkulele-DmgnN8mf.js,40321,83c12f749da1010b862f08861192c7f7,"2026-02-21 11:53:26"
public/html/diagrammes/assets/accords-mZBR4Dn_.js,999,101b2a124d536e5f2203375f017d3bb5,"2026-02-21 14:24:21"
public/html/diagrammes/assets/accords-0WSY9sqE.js,999,dec4c476eab6b2c072f9fc626cdff58b,"2026-02-21 14:07:24"
public/html/diagrammes/assets/main-rKhI8HsN.js,7171,61dfbf6c7f1033346509e4219fed9ad8,"2026-02-21 11:37:06"
public/html/diagrammes/assets/main-kCsbR0tZ.js,6793,35a17ed26cb7e7c6e3566f2677dd454a,"2026-02-21 10:35:23"
public/html/diagrammes/assets/accords-NZVhDzLN.css,6268,d33a5e004a81b84d54240e59241ee64a,"2026-02-21 10:35:23"
public/html/diagrammes/assets/accords-C6rxWbj7.css,6662,923c6337e4a151cc6e7e820b72e16ce9,"2026-02-21 11:15:19"
public/html/diagrammes/assets/accords-zYuGaD5P.js,999,c2683bd8a5e3bf3095e195278e047a77,"2026-02-21 14:40:35"
public/html/diagrammes/assets/DessineDiagrammeUkulele-Cb5iTryx.js,40542,e9f6b8b12c9c82a9054d1c15ba73ba70,"2026-02-21 14:31:02"
public/html/diagrammes/assets/accords-Cyg7qF1V.js,999,39a709b5ea04cf8e61654007ca48619f,"2026-02-21 13:10:49"
public/html/diagrammes/assets/accords-P8RZCqs_.js,999,637d9570c52fa4fde06f0ba18a5d7fbf,"2026-02-21 13:08:43"
public/html/diagrammes/assets/accords-ClhCyeDL.js,999,c738575bc9676b192078e180174c8513,"2026-02-21 11:53:26"
public/html/diagrammes/assets/DessineDiagrammeUkulele-CK2FFRyH.css,6769,1eb40427e09a1269fa8e94129477b94c,"2026-02-21 14:24:21"
public/html/diagrammes/assets/DessineDiagrammeUkulele-i8S82CO5.js,40367,46ca16f55c5bd601f8d2dbce65795653,"2026-02-21 13:10:49"
public/html/diagrammes/assets/DessineDiagrammeUkulele-DrsQ5Szq.js,40285,7f45418b4908918d4bde441960ef6d45,"2026-02-21 14:07:24"
public/html/diagrammes/assets/DessineDiagrammeUkulele-CjafuHWe.js,40644,5a557b6b0ee56f57309201c53340c58e,"2026-02-21 14:56:52"
public/html/diagrammes/assets/accords-DcIZoIPF.js,999,68fa11fb8a97d1cd1cf8c341d1daa783,"2026-02-21 15:30:13"
public/html/diagrammes/assets/accords-BiAbWrLT.js,999,6ecb9c71539c32425da217f9ff4edbba,"2026-02-21 14:56:52"
public/html/diagrammes/assets/DessineDiagrammeUkulele-TbFwkYQ2.js,40346,194fd75d435287b137170915425bafb3,"2026-02-21 14:05:11"
public/html/diagrammes/assets/accords-2WPsK1FU.js,999,e2482c94587c44a1b270c9b66f1c6c2e,"2026-02-21 11:37:06"
public/html/diagrammes/assets/accords-BB09afpL.js,894,33e0f4dd72fc4d57d5ad3dc1aeb79f3f,"2026-02-21 10:35:23"
public/html/diagrammes/assets/accords-DlrGtiX5.js,27386,162d97390561b71703b4dc67968f2839,"2026-02-21 11:02:35"
public/html/diagrammes/assets/accords-BmbYePeX.js,999,07fa183b307bd3f542718b4b48e37516,"2026-02-21 14:31:02"
public/html/diagrammes/assets/DessineDiagrammeUkulele-BfaS_UAN.css,6998,3f43617c37ee7580a8b79a4f3351fc0c,"2026-02-21 14:31:02"
public/html/diagrammes/assets/main-Bqu6qJVi.js,7642,48d1f6b48c8da05a4381ea452ce8ee61,"2026-02-21 14:07:24"
public/html/diagrammes/assets/main-dnP6nG9M.js,7642,3be99d4564ca8321abe2ce67074be37c,"2026-02-21 14:05:11"
public/html/diagrammes/assets/DessineDiagrammeUkulele-Cg5gu443.js,40367,21cf53f57901e75782f7694f738b029b,"2026-02-21 13:08:43"
public/html/diagrammes/assets/main-6Gxyinv5.js,7642,920cefd36196443f63eab0a9fc770fdf,"2026-02-21 15:30:13"
public/html/diagrammes/api/logs/stats.php,9215,b5f914c8d8f7160557830401ce32ad7c,"2026-02-23 18:14:44"
public/html/diagrammes/api/log_interaction.php,2203,b890156c83e5c521b679534bbea5be8e,"2026-02-21 10:47:28"
public/html/diagrammes/accords.html,3783,78a70d7d20cb9816026b327339a69a31,"2026-02-21 15:30:13"
public/data/chansons/liste-mp3.php,1123,e0c95fc4eefc32fc8626345cc70af175,"2025-10-14 08:46:20"
public/data/chansons/23/lienDocSongbook.php,3196,0e5e2d2318dffa8c3eef50f61414f264,"2025-10-14 08:46:21"
autoload.php,1583,dd45e7c33adc7ab11960132012252baf,"2026-04-06 09:30:47"
.user.ini,56,5d0d98c8a1188af089b8d3a3d6382174,"2025-10-14 08:39:01"
default.php,16430,aef25283d23ea2875594e188a864ffab,"2025-10-14 08:39:01"
index.php,237,70f15238948ad91d29d25402a75c5e41,"2026-03-08 17:31:15"
data/conf/params.ini,1933,ed33dfdc963234b4c66df5b9e2c1b983,"2026-03-08 00:40:19"
data/database/migrations/002_migrate_strum_ids.sql,900,8b2f8c761ad9a1a82052c71381fa436f,"2026-04-04 16:54:07"
data/database/migrations/001_playlists_and_dynamic_mode.sql,883,348bb7c385f07305da7ce44e873c3388,"2026-04-04 16:42:00"
